{
  "SpineBase": {
    "X": -0.418172538,
    "Y": -0.6450562,
    "Z": 1.04756486
  },
  "SpineMid": {
    "X": -0.458416849,
    "Y": -0.338537842,
    "Z": 0.949668169
  },
  "Neck": {
    "X": -0.487681031,
    "Y": -0.03678611,
    "Z": 0.835143745
  },
  "Head": {
    "X": -0.4700959,
    "Y": -0.175156847,
    "Z": 0.8158972
  },
  "ShoulderLeft": {
    "X": -0.5815196,
    "Y": -0.1760611,
    "Z": 0.810358644
  },
  "ElbowLeft": {
    "X": -0.471557677,
    "Y": -0.375538021,
    "Z": 0.7673086
  },
  "WristLeft": {
    "X": -0.443956226,
    "Y": -0.5870026,
    "Z": 0.701232731
  },
  "HandLeft": {
    "X": -0.436634749,
    "Y": -0.658790648,
    "Z": 0.6822828
  },
  "ShoulderRight": {
    "X": -0.469111323,
    "Y": -0.115811042,
    "Z": 0.901367247
  },
  "ElbowRight": {
    "X": -0.464430571,
    "Y": -0.3796372,
    "Z": 0.7689418
  },
  "WristRight": {
    "X": -0.436087728,
    "Y": -0.091056034,
    "Z": 0.657479942
  },
  "HandRight": {
    "X": -0.47844097,
    "Y": -0.0187926553,
    "Z": 0.718145669
  },
  "HipLeft": {
    "X": -0.4816953,
    "Y": -0.648612261,
    "Z": 1.02643335
  },
  "KneeLeft": {
    "X": -0.269473523,
    "Y": -0.7380477,
    "Z": 0.7985623
  },
  "AnkleLeft": {
    "X": 0.007215902,
    "Y": -0.879041851,
    "Z": 0.5160539
  },
  "FootLeft": {
    "X": 0.0757837,
    "Y": -0.903688431,
    "Z": 0.418825328
  },
  "HipRight": {
    "X": -0.331348181,
    "Y": -0.60528183,
    "Z": 1.010108
  },
  "KneeRight": {
    "X": -0.227938756,
    "Y": -0.52153945,
    "Z": 0.707686663
  },
  "AnkleRight": {
    "X": -0.0954911262,
    "Y": -0.429026,
    "Z": 0.322140664
  },
  "FootRight": {
    "X": -0.0203812271,
    "Y": -0.456366032,
    "Z": 0.221865714
  },
  "SpineShoulder": {
    "X": -0.482270479,
    "Y": -0.110943541,
    "Z": 0.8663295
  },
  "HandTipLeft": {
    "X": -0.422943741,
    "Y": -0.662063,
    "Z": 0.6765288
  },
  "ThumbLeft": {
    "X": -0.4175932,
    "Y": -0.6436962,
    "Z": 0.672247946
  },
  "HandTipRight": {
    "X": -0.4668997,
    "Y": 0.0693371147,
    "Z": 0.6766913
  },
  "ThumbRight": {
    "X": -0.467577666,
    "Y": -0.0145904552,
    "Z": 0.7425834
  }
}